person_id,political_party
996,r
995,r
994,r
993,d
992,r
990,d
989,d
988,r
987,d
986,d
985,d
984,r
983,d
982,r
981,d
980,r
979,d
978,d
977,r
976,j
975,d
974,d
973,r
972,r
971,d
970,r
969,r
968,d
967,d
966,d
965,d
964,r
963,r
962,d
961,d
960,r
959,r
958,d
957,r
956,d
955,d
954,d
953,r
952,r
951,r
950,j
949,d
948,d
947,d
946,r
945,r
944,r
943,d
942,d
941,d
940,r
939,r
938,d
937,r
936,d
935,r
934,r
933,d
932,r
931,d
930,r
929,r
928,r
927,j
926,r
925,r
924,r
922,d
921,r
920,d
919,d
918,d
917,r
915,j
914,r
913,d
912,r
911,d
910,d
909,d
908,d
907,r
906,r
905,r
904,d
903,r
902,r
901,d
900,r
899,d
898,d
897,d
896,r
895,d
894,d
893,r
892,d
891,d
890,d
889,d
888,r
887,r
886,d
885,d
884,r
883,d
882,r
881,d
880,r
879,d
878,d
877,r
876,r
875,r
874,d
873,d
872,d
871,d
870,r
869,j
868,r
867,d
866,r
865,d
864,r
863,r
862,d
861,r
860,d
859,r
858,d
857,r
856,d
855,r
854,r
853,r
852,r
851,d
850,d
849,r
848,r
847,d
846,d
845,r
844,d
843,d
842,r
841,r
840,d
839,d
838,r
837,r
836,r
835,r
834,r
833,r
832,d
831,d
830,r
829,r
828,r
827,r
826,r
825,d
824,d
823,d
822,r
821,r
820,r
819,r
818,r
817,d
816,r
815,f
814,d
813,d
812,r
811,r
810,d
809,d
808,d
807,d
806,j
805,r
804,r
803,d
802,d
801,r
800,d
799,d
798,d
797,d
796,d
795,r
794,d
793,d
792,d
791,r
790,d
789,r
788,d
787,r
786,d
785,r
784,r
783,d
782,r
781,j
780,r
778,d
777,w
776,d
775,d
774,r
773,d
772,d
771,d
770,r
769,d
768,r
767,r
766,r
765,r
764,r
763,r
762,d
761,j
760,j
759,d
758,d
757,d
756,r
755,j
754,d
753,d
752,d
751,r
750,r
749,r
748,d
747,r
746,r
745,r
744,r
743,r
742,r
741,r
740,d
739,d
738,r
737,d
736,r
735,r
734,r
733,d
732,r
731,d
730,r
729,r
728,d
727,d
726,d
725,r
724,r
723,d
722,d
721,d
720,d
719,d
718,d
717,r
716,d
715,r
714,r
713,r
712,r
711,r
710,d
709,r
708,r
707,r
706,r
705,r
704,r
703,d
702,r
701,r
700,r
699,d
698,r
697,r
696,d
695,j
694,d
693,d
692,r
691,d
690,d
689,d
688,r
687,r
686,r
685,d
684,d
683,d
682,d
681,d
680,r
679,d
678,d
677,r
676,d
675,d
674,r
673,d
672,d
671,r
670,r
669,d
668,r
667,d
666,d
665,d
664,r
663,r
662,d
661,d
660,r
659,r
658,r
657,r
656,d
655,r
654,r
653,d
652,d
651,r
650,d
649,r
648,d
647,r
646,r
645,d
644,d
642,d
641,d
640,r
639,r
638,d
637,d
636,d
635,d
634,d
633,r
632,r
631,d
630,d
629,d
628,r
627,d
626,d
625,d
624,d
623,r
622,d
621,d
620,d
619,r
618,d
617,d
616,d
615,r
614,d
613,d
612,r
611,r
610,r
609,r
607,d
606,r
605,d
604,d
603,r
602,d
601,r
600,r
599,r
598,d
597,d
596,d
595,d
594,r
592,r
591,r
590,d
589,d
588,r
587,d
586,d
585,d
584,r
583,r
582,d
581,r
580,d
579,r
578,r
577,r
576,d
575,r
574,d
573,r
572,r
571,r
570,d
569,r
568,d
567,r
566,d
565,d
564,r
563,d
562,r
561,d
560,r
559,d
558,r
557,r
556,d
555,d
554,r
553,d
552,d
551,r
550,d
549,d
548,d
547,d
546,d
545,d
544,r
543,r
542,d
541,r
540,d
539,r
538,r
537,r
536,r
535,r
534,r
533,d
532,d
531,r
530,d
529,d
528,d
527,d
526,d
525,d
524,d
523,r
522,r
521,r
520,d
519,d
518,d
517,r
516,r
515,r
514,r
513,r
512,r
511,d
510,r
509,r
508,r
507,j
506,d
505,d
504,d
503,r
502,d
501,r
500,r
499,d
498,r
497,d
496,d
495,d
494,d
493,r
492,d
491,j
490,r
489,d
488,r
487,d
486,d
485,r
484,r
483,r
482,r
481,r
480,r
479,d
478,r
477,d
476,r
475,d
474,r
473,d
472,r
471,r
470,r
469,d
468,r
467,d
466,r
465,d
464,r
463,d
462,d
461,r
460,r
459,r
458,r
457,r
456,r
455,r
454,r
453,d
452,r
451,d
450,d
449,d
448,d
447,d
446,d
445,r
444,r
443,r
442,r
441,r
440,d
439,r
438,r
437,r
436,d
435,r
434,r
433,r
432,d
431,r
430,r
429,d
428,d
427,d
426,r
425,d
424,d
423,r
422,r
421,r
419,r
418,d
417,d
416,d
415,d
414,r
413,r
412,r
411,r
410,d
409,r
408,r
407,d
406,d
405,r
404,r
403,d
402,r
401,d
400,r
399,d
398,d
397,d
396,d
395,j
394,d
393,d
392,d
391,r
390,r
389,d
388,d
387,r
386,r
385,d
384,d
383,d
382,r
381,d
380,r
379,r
378,d
377,r
376,d
375,r
374,r
373,d
371,d
370,d
369,d
368,r
367,d
366,d
365,r
364,r
363,d
362,r
361,r
360,r
359,r
358,r
357,r
356,r
355,r
354,d
353,j
352,r
351,d
350,d
349,r
348,d
347,r
346,w
345,d
344,r
343,d
342,d
341,r
340,r
339,f
338,d
337,d
336,r
335,d
334,r
333,r
332,d
331,r
330,r
329,r
328,d
327,d
326,r
325,d
324,r
323,r
322,d
321,r
320,d
319,d
318,r
317,r
316,r
315,d
314,d
313,d
312,r
311,d
310,d
309,r
308,d
307,d
306,d
305,r
304,r
303,j
302,r
301,d
300,d
298,r
297,r
296,d
295,r
294,r
293,r
292,d
291,r
290,d
289,d
288,d
287,d
286,r
285,d
284,r
283,r
282,d
281,r
280,d
279,d
278,r
277,r
276,d
275,d
274,d
273,d
272,r
271,d
270,d
269,r
268,r
267,j
266,r
265,r
264,d
263,d
262,d
261,d
260,d
259,d
258,d
257,r
256,r
255,f
254,r
253,r
252,d
251,r
250,d
249,r
248,r
247,d
246,d
245,r
244,d
243,d
242,r
241,r
240,d
239,d
238,d
237,d
236,r
235,r
234,d
233,d
232,d
229,d
228,r
227,d
226,r
225,r
224,r
223,d
222,d
221,d
220,r
219,r
218,r
217,d
216,r
215,r
214,d
213,r
212,r
211,r
210,r
209,d
208,d
207,d
206,r
205,r
204,r
203,d
202,d
201,r
200,r
199,d
198,r
197,d
196,r
195,f
194,d
193,d
192,r
191,r
190,r
189,d
188,d
187,d
186,r
185,r
184,r
183,r
182,r
181,d
180,r
179,r
178,d
177,j
176,r
175,r
174,r
173,d
172,d
171,d
170,r
169,d
168,r
167,d
166,d
165,r
164,r
163,r
162,r
161,d
160,d
159,d
158,d
157,r
156,r
155,r
154,d
153,r
152,d
151,r
150,r
149,d
148,r
147,d
146,d
145,r
144,d
143,r
142,r
141,r
140,d
139,d
138,r
137,d
136,r
135,d
134,d
133,d
132,r
131,r
130,d
129,d
128,d
127,r
126,r
125,r
124,d
123,r
122,r
121,r
120,d
119,r
118,d
117,r
116,d
115,r
114,r
113,d
112,d
111,r
110,r
109,r
108,d
107,d
106,r
105,r
104,r
103,r
102,d
101,d
100,r
99,r
98,r
97,r
96,d
95,d
94,d
93,d
92,r
91,r
90,r
89,d
88,r
87,d
86,d
85,d
84,d
83,d
82,r
81,d
80,d
79,r
78,d
77,r
76,r
75,r
74,r
73,d
72,d
71,r
70,d
69,r
68,r
67,d
66,d
65,d
64,r
63,r
62,r
61,r
60,d
58,r
57,d
56,r
55,d
54,r
53,r
52,d
51,r
50,r
49,d
48,r
47,r
46,d
45,d
44,d
43,d
42,r
41,d
40,r
39,r
38,d
37,r
36,r
35,d
34,d
33,r
32,d
31,d
30,r
29,r
28,r
27,d
26,r
25,r
24,r
23,r
22,d
21,r
20,r
19,r
18,r
17,u
16,r
15,d
14,d
13,w
12,w
11,d
10,w
9,w
8,d
7,d
6,j
5,j
4,j
3,j
2,f
1,f
1992,r
1991,r
1990,r
1989,d
1988,r
1987,d
1986,r
1985,r
1984,r
1983,r
1982,d
1981,r
1980,r
1979,f
1978,r
1977,r
1976,r
1975,d
1974,d
1973,r
1972,d
1971,r
1970,d
1969,r
1968,d
1967,d
1966,d
1965,d
1964,r
1963,r
1962,r
1961,r
1960,d
1959,r
1958,d
1957,d
1956,d
1955,r
1954,r
1953,d
1952,j
1951,r
1950,r
1949,r
1948,r
1947,r
1946,d
1945,d
1944,d
1943,r
1942,d
1941,d
1940,d
1939,d
1938,d
1937,d
1936,r
1935,r
1934,r
1933,r
1932,r
1931,r
1929,r
1928,r
1927,r
1926,d
1925,r
1924,r
1923,d
1922,d
1921,d
1920,r
1919,r
1918,r
1917,d
1916,d
1915,r
1914,r
1913,r
1912,r
1911,r
1910,r
1909,d
1908,d
1907,r
1906,d
1905,d
1904,d
1903,r
1902,r
1901,r
1900,r
1899,d
1898,r
1897,r
1896,d
1895,d
1894,r
1893,r
1892,j
1891,d
1890,d
1889,d
1888,r
1887,d
1886,d
1885,r
1884,r
1883,d
1882,d
1881,d
1880,d
1879,d
1878,d
1877,r
1876,d
1875,d
1874,d
1873,d
1872,r
1871,d
1870,d
1869,d
1866,d
1865,d
1864,d
1863,d
1862,d
1861,r
1860,d
1859,d
1858,r
1857,r
1856,r
1855,r
1854,d
1853,d
1852,r
1851,r
1850,r
1849,r
1848,d
1847,r
1846,d
1845,d
1844,r
1843,d
1842,d
1841,r
1840,r
1839,r
1838,r
1837,d
1836,r
1835,d
1834,r
1833,r
1832,r
1831,r
1830,d
1829,r
1828,r
1827,d
1826,r
1825,r
1824,d
1823,r
1822,r
1821,d
1820,d
1819,r
1818,r
1817,r
1816,r
1815,r
1814,d
1813,d
1812,r
1811,r
1810,d
1809,r
1808,d
1807,d
1806,r
1805,d
1804,d
1803,r
1802,d
1801,r
1800,r
1799,d
1798,r
1797,r
1796,r
1795,r
1794,r
1793,r
1792,d
1791,r
1790,r
1789,r
1788,r
1787,r
1786,d
1785,d
1784,r
1783,d
1782,r
1781,r
1780,d
1779,r
1778,d
1777,d
1776,d
1775,d
1774,r
1773,d
1772,j
1771,r
1770,r
1769,d
1768,d
1767,f
1766,r
1765,r
1764,r
1763,d
1762,r
1761,r
1760,d
1759,d
1758,d
1757,r
1756,d
1755,r
1754,r
1753,r
1752,d
1751,r
1750,d
1749,d
1748,d
1747,r
1746,r
1745,r
1744,r
1743,r
1742,r
1741,r
1740,d
1739,d
1738,d
1737,r
1736,d
1735,r
1734,r
1733,r
1732,r
1731,d
1730,d
1729,d
1728,d
1727,d
1726,r
1725,d
1724,d
1723,r
1722,d
1721,d
1720,d
1719,d
1718,d
1717,d
1716,r
1715,d
1714,r
1713,r
1712,d
1711,d
1710,d
1709,d
1708,d
1707,r
1706,d
1705,r
1704,d
1703,r
1702,d
1701,r
1700,r
1699,d
1698,d
1697,d
1696,d
1695,d
1694,d
1693,r
1692,d
1691,d
1690,r
1689,d
1688,r
1687,r
1686,r
1685,d
1684,d
1683,r
1682,r
1681,r
1680,r
1679,r
1678,r
1677,d
1676,r
1675,d
1674,d
1673,d
1672,r
1671,r
1670,d
1669,d
1668,r
1667,r
1666,r
1665,r
1664,d
1663,d
1662,d
1661,r
1660,d
1659,r
1658,r
1657,d
1656,w
1655,r
1654,d
1653,r
1652,d
1651,r
1650,r
1649,d
1648,r
1647,r
1646,j
1645,d
1643,r
1642,d
1641,d
1640,r
1639,d
1638,d
1637,d
1636,r
1635,d
1634,d
1633,d
1632,r
1631,r
1630,r
1629,d
1628,r
1627,r
1626,d
1625,d
1624,d
1623,d
1621,r
1620,r
1619,r
1618,r
1617,d
1616,r
1615,r
1614,r
1613,r
1612,d
1611,d
1610,d
1609,d
1608,d
1607,r
1606,j
1605,r
1604,r
1603,d
1602,d
1601,d
1600,d
1599,d
1598,d
1597,r
1596,r
1595,r
1592,r
1591,r
1590,d
1589,r
1588,d
1587,r
1586,d
1585,r
1584,r
1583,d
1582,d
1581,r
1580,r
1579,r
1578,d
1577,d
1576,r
1575,d
1574,d
1573,r
1572,w
1571,r
1570,d
1569,r
1568,d
1567,r
1566,r
1565,r
1564,d
1563,d
1562,r
1561,d
1560,r
1559,r
1558,d
1557,r
1556,d
1555,d
1554,d
1553,d
1552,d
1551,r
1550,r
1549,d
1548,r
1547,d
1546,d
1545,r
1544,d
1543,r
1542,d
1541,r
1540,d
1538,d
1537,j
1536,d
1535,r
1534,d
1533,r
1532,r
1531,d
1530,r
1529,d
1528,r
1527,r
1526,r
1525,r
1524,j
1523,d
1522,r
1521,d
1520,d
1519,r
1518,d
1517,j
1515,r
1514,r
1513,r
1512,d
1511,r
1510,r
1509,d
1508,d
1507,r
1506,d
1505,r
1504,d
1503,d
1502,d
1501,r
1500,r
1499,r
1498,d
1497,d
1496,r
1495,d
1494,d
1493,r
1492,d
1491,d
1490,r
1489,r
1488,r
1487,r
1486,r
1485,d
1484,r
1483,r
1482,r
1481,w
1480,r
1479,d
1478,r
1477,r
1476,r
1475,d
1474,d
1473,f
1472,r
1471,r
1470,f
1469,r
1468,d
1467,r
1466,r
1465,r
1464,d
1463,r
1462,d
1461,r
1460,r
1459,r
1458,d
1457,d
1456,r
1455,d
1454,r
1453,r
1452,d
1451,d
1450,r
1449,r
1448,r
1447,r
1446,d
1445,d
1444,r
1443,d
1442,r
1441,r
1440,d
1439,d
1438,r
1437,r
1436,r
1435,r
1434,d
1433,r
1432,r
1431,d
1430,r
1429,d
1428,r
1427,r
1426,d
1425,d
1424,d
1423,d
1422,d
1421,d
1420,d
1419,d
1418,r
1417,d
1416,d
1415,d
1414,d
1413,d
1412,r
1411,r
1410,d
1409,r
1408,d
1407,r
1406,d
1405,r
1404,r
1403,r
1402,d
1401,d
1400,j
1399,r
1398,d
1397,d
1396,d
1395,d
1394,d
1393,r
1392,d
1391,d
1390,r
1389,d
1388,d
1387,r
1386,d
1385,r
1384,d
1383,r
1382,d
1381,d
1380,r
1379,r
1378,d
1377,r
1376,d
1375,d
1374,d
1373,j
1372,r
1371,d
1370,d
1369,d
1368,r
1367,r
1366,r
1365,r
1364,d
1363,r
1362,d
1361,r
1360,r
1359,r
1358,d
1357,d
1356,r
1355,d
1354,r
1353,r
1352,r
1351,r
1350,r
1349,r
1348,r
1347,r
1346,d
1345,r
1344,d
1343,d
1342,r
1341,w
1340,d
1339,r
1338,r
1337,j
1336,r
1335,d
1334,r
1333,d
1332,w
1331,r
1330,d
1329,r
1328,j
1327,r
1326,d
1325,r
1324,r
1323,d
1322,r
1321,d
1320,r
1319,r
1318,r
1317,r
1316,d
1315,d
1314,r
1313,r
1312,r
1311,d
1310,d
1309,r
1308,r
1307,r
1306,r
1305,r
1304,d
1303,r
1302,r
1301,d
1300,d
1299,r
1298,r
1297,r
1296,r
1295,r
1294,d
1293,d
1292,r
1291,d
1290,d
1289,f
1288,r
1287,r
1285,r
1284,r
1283,d
1282,r
1281,d
1280,r
1279,r
1278,d
1277,r
1276,d
1275,r
1274,d
1273,d
1272,r
1271,r
1270,d
1269,d
1268,r
1267,r
1266,d
1265,d
1264,d
1263,r
1262,r
1261,r
1260,d
1259,r
1258,r
1257,r
1256,d
1255,d
1254,d
1253,r
1252,d
1251,r
1250,r
1249,r
1248,r
1247,d
1246,r
1245,d
1244,r
1243,d
1242,d
1241,r
1240,d
1239,d
1238,r
1237,d
1236,d
1235,d
1234,r
1233,d
1232,d
1231,d
1230,r
1229,r
1228,r
1227,d
1226,d
1225,d
1224,r
1223,r
1222,r
1221,d
1220,r
1219,r
1218,w
1217,j
1216,d
1215,d
1214,r
1213,d
1212,r
1211,d
1210,d
1209,d
1208,d
1207,d
1206,d
1205,d
1204,d
1203,d
1202,d
1201,d
1200,d
1199,r
1198,r
1197,r
1196,d
1195,r
1194,r
1193,r
1192,d
1191,d
1190,d
1189,d
1188,d
1187,r
1186,r
1185,d
1184,r
1183,d
1182,d
1181,d
1180,d
1179,d
1178,d
1177,r
1176,d
1175,d
1174,d
1173,r
1172,r
1171,r
1170,r
1169,d
1168,d
1167,w
1166,r
1165,d
1164,d
1163,d
1162,r
1161,r
1160,d
1159,r
1158,d
1157,d
1156,d
1155,d
1154,r
1153,r
1152,r
1151,d
1150,d
1149,d
1148,d
1147,r
1146,r
1145,d
1144,d
1143,r
1142,d
1141,r
1140,r
1139,r
1138,r
1137,r
1136,d
1135,d
1134,d
1133,d
1132,r
1131,d
1130,d
1129,d
1128,r
1127,r
1126,r
1125,r
1124,d
1123,d
1122,d
1121,d
1120,r
1119,d
1118,r
1117,d
1116,r
1115,r
1114,d
1113,r
1112,r
1111,d
1110,d
1109,r
1108,d
1107,d
1106,d
1105,d
1104,d
1103,r
1102,r
1101,d
1100,r
1099,r
1098,d
1097,r
1096,d
1095,r
1094,r
1093,r
1092,d
1091,d
1090,d
1089,d
1088,r
1087,d
1086,d
1085,d
1084,d
1083,d
1082,d
1081,r
1080,d
1079,d
1078,d
1077,d
1076,r
1075,r
1074,r
1073,r
1072,r
1071,j
1070,d
1069,d
1068,r
1067,d
1066,r
1065,j
1064,r
1063,r
1062,r
1061,r
1060,r
1058,r
1057,r
1056,d
1055,r
1054,r
1053,d
1052,r
1051,r
1050,r
1049,r
1048,r
1047,r
1046,d
1045,r
1044,d
1043,d
1042,d
1041,r
1040,d
1039,d
1038,r
1037,d
1036,r
1035,r
1034,r
1033,d
1032,r
1031,r
1030,d
1029,d
1028,r
1027,d
1026,r
1025,d
1024,d
1023,r
1022,r
1021,r
1020,r
1019,r
1018,r
1017,r
1016,d
1015,d
1014,d
1013,d
1012,d
1011,d
1010,r
1009,r
1008,d
1007,d
1006,d
1005,r
1004,d
1003,r
1002,r
1001,d
1000,r
999,d
998,r
997,d
2988,j
2987,d
2986,d
2984,r
2983,d
2982,d
2981,r
2980,d
2979,r
2978,d
2977,d
2976,r
2975,d
2974,d
2973,r
2972,r
2971,d
2970,d
2969,r
2968,d
2967,d
2966,r
2965,r
2964,d
2963,d
2962,r
2961,d
2960,r
2959,d
2958,d
2957,r
2956,r
2955,d
2954,d
2953,r
2952,j
2951,r
2950,r
2949,d
2948,j
2947,r
2946,r
2945,r
2944,r
2943,r
2942,d
2941,r
2940,d
2939,d
2938,r
2937,d
2936,d
2935,d
2934,d
2933,d
2932,d
2931,r
2930,r
2929,d
2928,r
2927,r
2926,d
2925,r
2924,d
2923,d
2922,d
2921,d
2920,d
2919,r
2918,d
2917,d
2916,r
2915,d
2913,r
2912,r
2911,r
2910,d
2909,r
2908,d
2907,r
2906,d
2905,r
2904,r
2903,r
2902,d
2901,d
2900,r
2899,d
2898,r
2897,d
2896,r
2895,r
2894,d
2893,r
2892,r
2891,r
2890,r
2889,r
2888,d
2887,r
2886,d
2885,d
2884,r
2883,r
2882,d
2881,d
2880,r
2879,r
2878,d
2877,d
2876,r
2875,d
2874,r
2873,r
2872,d
2871,d
2870,d
2869,r
2868,r
2867,d
2866,r
2865,r
2864,r
2863,d
2862,r
2861,r
2860,d
2859,r
2858,r
2857,d
2856,r
2855,r
2854,d
2853,d
2852,r
2851,r
2850,r
2849,r
2848,r
2847,r
2846,d
2845,r
2844,r
2843,d
2842,d
2841,d
2840,d
2839,r
2838,d
2837,r
2836,d
2835,d
2834,r
2833,r
2832,r
2831,r
2830,r
2829,r
2828,r
2827,d
2826,d
2825,r
2824,d
2823,d
2822,d
2821,r
2820,r
2819,r
2818,r
2817,r
2816,d
2815,r
2814,r
2813,d
2811,d
2810,d
2809,r
2808,d
2807,r
2806,r
2805,d
2804,r
2803,r
2802,r
2801,r
2800,d
2799,r
2798,d
2797,r
2796,d
2795,d
2794,r
2793,d
2792,j
2791,d
2790,r
2789,r
2788,d
2787,d
2786,r
2785,d
2784,d
2783,r
2782,d
2781,d
2780,r
2779,r
2778,d
2777,d
2776,d
2775,r
2774,r
2773,r
2772,r
2771,d
2770,r
2769,r
2768,d
2767,r
2766,d
2765,r
2764,r
2763,d
2762,r
2761,d
2760,d
2759,r
2758,r
2757,r
2756,d
2755,r
2754,d
2753,r
2752,r
2751,r
2750,r
2749,d
2748,r
2747,d
2746,r
2745,d
2744,j
2743,d
2742,d
2741,r
2740,d
2739,r
2738,r
2737,d
2736,d
2735,r
2734,r
2733,r
2732,r
2731,d
2730,r
2729,d
2728,r
2727,r
2726,d
2725,w
2724,r
2723,r
2722,d
2721,d
2720,d
2719,d
2718,d
2717,d
2716,r
2715,r
2714,r
2713,r
2712,r
2711,r
2710,r
2709,d
2708,d
2707,d
2706,d
2705,r
2704,d
2703,d
2702,r
2701,d
2700,r
2699,d
2698,r
2697,d
2696,r
2695,d
2694,d
2693,r
2692,r
2691,r
2690,r
2689,d
2688,d
2687,r
2686,d
2685,r
2684,d
2683,d
2682,r
2681,r
2680,r
2679,r
2678,d
2677,d
2676,r
2675,d
2674,r
2673,d
2672,d
2671,r
2670,r
2669,d
2668,r
2667,d
2666,d
2665,r
2664,d
2663,r
2662,d
2661,j
2660,r
2659,w
2658,r
2657,d
2656,d
2655,d
2654,d
2653,d
2652,d
2651,r
2650,d
2649,r
2648,r
2647,r
2646,d
2645,r
2644,d
2643,r
2642,r
2641,d
2640,r
2639,d
2638,r
2637,r
2636,r
2635,d
2634,r
2633,d
2632,r
2631,d
2630,r
2629,r
2628,d
2627,d
2626,d
2625,d
2624,d
2623,r
2622,w
2621,d
2620,d
2619,r
2618,r
2617,d
2616,d
2615,r
2614,d
2613,r
2612,r
2611,r
2610,r
2609,r
2608,r
2607,j
2606,r
2605,d
2604,r
2603,d
2602,d
2601,d
2600,d
2599,r
2598,r
2597,d
2596,j
2595,r
2594,d
2593,d
2592,d
2591,d
2590,d
2589,r
2588,d
2587,d
2586,d
2585,d
2584,r
2583,r
2582,d
2581,r
2580,d
2579,r
2578,r
2577,d
2576,r
2575,d
2574,r
2573,d
2572,j
2571,d
2570,d
2569,d
2568,d
2567,r
2566,r
2565,d
2563,r
2562,d
2561,d
2560,r
2559,r
2558,d
2557,r
2556,d
2555,d
2554,d
2553,d
2552,d
2551,d
2550,d
2549,d
2547,r
2546,r
2545,d
2544,d
2543,d
2542,d
2541,d
2540,d
2539,d
2538,j
2537,d
2536,j
2534,d
2533,r
2532,r
2531,d
2530,d
2529,d
2528,d
2527,j
2526,r
2525,d
2524,d
2523,r
2522,r
2521,d
2520,d
2519,r
2518,r
2517,r
2516,r
2515,d
2514,r
2512,d
2511,r
2510,d
2509,j
2508,d
2507,r
2506,d
2505,d
2504,d
2503,r
2502,r
2501,r
2500,d
2499,r
2498,r
2497,j
2496,r
2495,d
2494,d
2493,d
2492,r
2491,d
2490,d
2489,f
2488,d
2487,d
2486,r
2484,r
2483,r
2482,d
2481,r
2480,r
2479,d
2478,r
2477,r
2476,r
2475,r
2474,d
2473,r
2472,d
2471,r
2470,d
2469,d
2468,d
2467,d
2466,r
2465,d
2464,d
2463,d
2462,d
2461,r
2460,d
2459,r
2458,r
2457,r
2456,r
2455,d
2454,d
2453,r
2452,r
2451,r
2450,r
2449,r
2448,r
2447,d
2446,r
2445,d
2444,d
2443,d
2442,r
2441,r
2440,d
2439,r
2438,d
2437,d
2436,d
2435,r
2434,r
2433,r
2432,d
2431,r
2430,d
2429,r
2428,d
2427,r
2426,r
2425,r
2424,r
2423,r
2422,r
2421,d
2420,d
2419,d
2418,d
2417,r
2416,d
2415,r
2414,r
2413,d
2412,r
2411,r
2410,r
2409,r
2408,d
2407,r
2406,d
2405,d
2404,d
2403,d
2402,d
2401,r
2400,d
2399,d
2398,r
2397,d
2396,r
2395,d
2394,r
2393,d
2392,r
2391,r
2390,r
2389,d
2388,w
2387,d
2386,r
2385,d
2384,d
2383,r
2382,r
2381,r
2380,r
2379,d
2378,d
2377,d
2376,r
2375,d
2374,d
2373,d
2372,r
2371,d
2370,d
2369,r
2368,d
2367,d
2366,r
2365,d
2364,d
2363,d
2362,r
2361,d
2360,d
2359,d
2358,d
2357,d
2356,d
2355,d
2354,d
2353,d
2352,d
2351,d
2350,r
2349,d
2348,d
2347,r
2346,d
2345,r
2344,r
2343,r
2342,r
2341,d
2340,d
2339,d
2338,r
2337,r
2336,d
2335,d
2334,d
2333,r
2332,r
2331,d
2330,r
2329,r
2328,r
2327,r
2326,j
2325,r
2324,d
2323,r
2321,r
2320,d
2319,r
2318,d
2317,d
2316,r
2315,d
2314,r
2313,r
2312,d
2311,d
2310,d
2309,r
2308,r
2307,d
2306,r
2305,d
2304,d
2303,d
2302,r
2301,d
2300,d
2299,r
2298,r
2297,r
2296,d
2295,r
2294,d
2293,d
2292,f
2291,d
2290,r
2289,d
2288,d
2287,r
2286,d
2285,r
2284,d
2283,d
2282,r
2281,d
2280,r
2279,d
2278,d
2277,d
2276,r
2275,d
2274,d
2273,d
2272,d
2271,r
2270,d
2269,r
2268,r
2267,r
2266,r
2265,r
2264,r
2263,d
2262,r
2261,d
2260,d
2259,d
2258,r
2257,r
2256,d
2255,r
2254,d
2253,d
2252,r
2251,r
2250,r
2249,r
2248,d
2247,r
2246,d
2245,r
2244,r
2243,d
2242,d
2241,r
2240,d
2239,r
2238,d
2237,r
2236,d
2235,d
2234,r
2233,d
2232,d
2231,d
2230,r
2229,d
2228,r
2227,r
2226,d
2225,r
2224,d
2223,d
2222,r
2221,d
2220,r
2219,r
2218,d
2217,d
2216,r
2215,r
2214,d
2213,r
2212,d
2211,r
2210,d
2209,d
2208,d
2207,d
2206,r
2205,r
2204,d
2203,r
2202,r
2201,r
2200,d
2199,r
2198,r
2197,r
2196,d
2195,d
2194,d
2193,d
2192,r
2191,r
2190,r
2189,d
2188,d
2187,d
2186,d
2185,r
2184,r
2183,d
2182,r
2180,r
2179,d
2178,r
2177,r
2176,d
2175,d
2174,d
2173,r
2172,d
2171,d
2170,d
2169,d
2168,r
2167,r
2166,d
2165,d
2164,r
2163,r
2162,r
2161,r
2160,d
2159,d
2158,r
2157,d
2156,r
2155,r
2154,r
2153,r
2152,r
2151,d
2150,r
2149,d
2148,d
2147,r
2146,d
2145,d
2144,d
2143,d
2142,d
2141,d
2140,r
2139,d
2138,r
2137,r
2136,r
2135,r
2134,r
2133,d
2132,d
2131,r
2130,d
2129,r
2128,r
2127,r
2126,r
2125,d
2124,d
2123,r
2122,d
2121,r
2120,d
2119,r
2118,r
2117,d
2116,r
2115,d
2114,r
2113,d
2112,r
2111,f
2110,r
2108,r
2107,d
2106,r
2105,d
2104,r
2103,r
2102,r
2101,w
2100,d
2099,r
2098,r
2097,r
2096,d
2095,d
2094,d
2093,d
2092,r
2091,r
2090,r
2089,d
2088,d
2087,d
2086,r
2085,d
2084,r
2083,r
2082,d
2081,r
2080,r
2079,r
2078,r
2077,d
2076,d
2075,d
2074,d
2073,d
2072,d
2071,d
2070,r
2069,r
2068,d
2067,r
2066,r
2065,r
2064,r
2063,r
2062,d
2061,d
2060,r
2059,r
2058,r
2057,d
2056,d
2055,d
2054,d
2053,r
2052,d
2051,f
2050,f
2049,d
2048,d
2047,d
2046,r
2045,d
2044,r
2043,d
2042,d
2041,d
2040,r
2039,r
2038,d
2037,d
2036,d
2034,d
2033,d
2032,r
2031,r
2030,r
2029,d
2028,d
2027,r
2026,d
2025,d
2024,r
2023,r
2022,d
2021,d
2020,r
2019,d
2018,r
2017,r
2016,d
2015,d
2014,r
2013,d
2012,r
2011,f
2010,d
2009,d
2008,r
2007,d
2006,r
2005,d
2004,r
2003,d
2002,d
2001,r
2000,d
1999,d
1998,d
1997,d
1996,d
1995,r
1994,d
1993,r
4576,r
4574,d
4573,d
4572,r
4571,d
4570,r
4569,d
4566,d
4565,d
4564,d
4563,d
4558,d
4552,d
4551,d
4548,d
4547,r
4542,d
4540,d
4527,r
4526,r
4525,d
4524,d
4521,r
4520,r
4516,d
4511,d
4508,r
4504,d
4503,d
4500,r
4494,r
4454,r
4448,r
4442,r
4441,d
4440,r
3128,r
4434,r
4433,r
4426,r
4425,r
4424,d
4421,r
4419,r
4417,r
4415,r
4411,d
4410,d
4407,d
4406,d
4404,r
4398,r
4397,d
4391,d
4390,r
4380,r
4378,d
4367,d
4364,r
4363,r
3257,d
4361,r
4360,r
4359,d
4357,d
4355,r
4354,d
4353,d
4344,d
4342,r
4341,d
4340,d
4339,r
4337,d
4336,r
4332,d
4331,d
4330,r
4329,d
4328,r
4327,r
4326,d
4325,r
4324,d
4323,d
4322,r
4320,r
4319,r
4317,d
4315,r
4312,d
4311,r
4306,r
4305,r
4304,d
4303,r
4302,r
4301,d
4300,r
4299,r
4298,r
4297,r
4296,r
4295,r
4294,r
4293,r
4290,r
4289,d
4287,r
4286,r
4285,r
4284,d
4283,r
4280,d
4277,d
4276,d
4275,r
4274,r
4273,d
4271,r
4269,r
4268,r
4267,r
4266,d
4265,r
4264,d
4263,r
4262,r
4256,r
4254,r
4251,d
4250,r
4249,r
4248,d
4238,r
4237,r
4236,d
4235,r
4231,r
4230,d
4227,r
4223,d
4221,r
4217,d
4215,r
4214,d
4211,r
4210,r
4207,d
4206,r
4205,r
4204,d
4200,r
4198,r
4196,r
4194,d
4192,r
4191,d
4189,r
4188,r
4185,r
4183,r
4182,d
4181,r
4174,d
4171,r
4170,d
4166,r
4165,d
4164,r
4163,r
4158,r
4155,r
4149,r
4140,r
4134,d
4133,d
4132,r
4128,r
4124,d
4122,r
4121,d
4119,r
4102,d
4101,d
4098,d
4096,d
4095,d
4093,d
4090,d
4089,d
4088,d
4085,d
4082,d
4080,d
4072,d
4064,d
4060,d
4055,d
4050,d
4049,d
4042,d
4041,r
4040,d
4037,d
4033,d
4032,d
4028,d
4026,d
4025,d
4021,d
4019,d
4017,d
4008,r
4005,d
3997,r
3989,r
3988,d
3982,d
3981,r
3976,d
3974,d
3959,r
3951,d
3946,d
3943,d
3942,r
3940,r
3937,d
3933,r
3929,d
3928,d
3926,d
3925,r
3916,r
3914,r
3911,d
3910,r
3908,d
3906,r
3904,d
3900,d
3896,r
3891,r
3889,d
3885,d
3883,r
3880,d
3878,r
3877,d
3875,r
3874,r
3873,r
3872,d
3868,d
3866,r
3841,d
3838,d
3836,r
3805,r
3803,d
3797,r
3780,d
3779,d
3778,d
3777,d
3776,d
3775,d
3774,d
3773,d
3772,d
3771,d
3769,d
3768,d
3767,d
3766,d
3764,d
3763,d
3761,d
3759,d
3758,d
3757,d
3756,d
3755,d
3754,d
3752,d
3751,d
3748,d
3747,d
3746,d
3745,d
3744,d
3742,d
3741,r
3740,d
3739,d
3738,d
3737,d
3733,d
3732,d
3729,d
3728,r
3726,d
3725,d
3716,d
3713,d
3707,d
3706,r
3705,r
3703,d
3700,r
3698,d
3675,r
3674,r
3673,d
3672,d
3671,r
3670,d
3665,r
3664,d
3663,d
3662,d
3661,r
3660,d
3659,r
3658,d
3657,d
3656,r
3655,d
3652,r
3651,r
3650,r
3649,r
3647,d
3644,d
3643,d
3641,r
3640,r
3639,d
3638,r
3637,d
3636,d
3633,d
3632,d
3630,d
3629,r
3628,d
3627,r
3626,d
3625,d
3624,r
3623,d
3620,d
3618,d
3617,d
3616,d
3615,d
3614,d
3613,d
3612,d
3611,r
3610,d
3608,r
3607,d
3606,d
3604,d
3603,d
3602,r
3601,d
3600,r
3599,d
3598,d
3597,r
3596,d
3595,r
3594,r
3593,d
3592,d
3591,r
3590,r
3589,d
3588,r
3587,d
3586,r
3585,r
3584,r
3582,d
3581,d
3580,r
3579,r
3578,r
3577,d
3576,d
3575,d
3574,d
3573,r
3572,r
3571,d
3570,d
3569,r
3568,r
3567,d
3566,r
3565,d
3564,r
3563,r
3562,r
3561,r
3560,r
3559,r
3558,r
3557,r
3556,r
3555,d
3554,d
3553,r
3552,r
3551,r
3550,d
3549,d
3548,r
3547,d
3546,r
3545,d
3544,r
3543,r
3542,d
3541,d
3540,r
3539,r
3538,r
3537,r
3536,r
3535,d
3534,d
3533,r
3532,r
3531,r
3530,r
3529,r
3528,r
3527,r
3526,d
3525,r
3524,f
3523,r
3522,r
3521,d
3520,d
3519,r
3518,r
3517,d
3516,r
3515,r
3514,d
3513,r
3512,r
3511,d
3510,f
3509,r
3508,d
3507,r
3506,r
3505,r
3504,d
3502,d
3501,r
3500,d
3499,d
3498,r
3497,r
3496,d
3495,r
3494,r
3493,r
3492,d
3491,d
3490,d
3489,d
3488,r
3487,r
3486,d
3485,r
3484,r
3483,d
3482,r
3481,d
3480,d
3479,r
3478,d
3477,r
3476,r
3475,j
3474,d
3473,d
3472,r
3471,d
3470,r
3469,r
3468,d
3467,r
3466,r
3465,r
3464,r
3463,r
3462,r
3461,d
3460,r
3459,d
3458,r
3457,r
3456,r
3455,d
3454,r
3453,d
3452,r
3451,r
3450,r
3449,d
3448,r
3447,d
3446,r
3445,d
3444,d
3443,r
3442,d
3441,d
3440,r
3439,r
3438,r
3437,d
3436,d
3435,r
3434,d
3433,d
3432,r
3431,r
3430,d
3429,d
3428,d
3427,r
3426,r
3425,r
3424,d
3423,r
3422,d
3421,d
3420,r
3418,d
3417,r
3416,r
3415,r
3414,d
3413,d
3412,r
3411,d
3410,d
3409,d
3408,d
3407,r
3406,r
3405,r
3404,r
3403,r
3402,d
3401,d
3400,r
3399,r
3398,d
3397,d
3396,r
3395,d
3394,r
3393,d
3392,d
3391,r
3390,d
3389,r
3388,r
3387,d
3386,d
3385,d
3384,r
3383,r
3382,r
3381,d
3380,f
3379,r
3378,r
3377,r
3376,r
3375,d
3374,d
3373,r
3372,j
3371,d
3370,d
3369,r
3368,d
3367,r
3366,r
3365,r
3364,r
3363,r
3362,r
3361,r
3360,r
3359,r
3358,r
3357,d
3356,d
3355,d
3354,d
3353,d
3352,r
3351,r
3350,r
3349,d
3348,d
3347,d
3346,d
3345,j
3344,r
3343,r
3342,r
3341,r
3340,d
3339,r
3338,r
3336,d
3335,d
3334,r
3333,r
3332,r
3331,r
3330,r
3329,r
3328,d
3327,r
3326,r
3325,r
3324,d
3323,r
3322,d
3321,d
3320,d
3319,d
3318,d
3317,r
3316,d
3315,r
3314,r
3313,r
3312,d
3311,d
3310,r
3309,d
3308,r
3307,r
3306,r
3305,r
3304,r
3303,r
3302,r
3301,r
3300,j
3299,r
3298,r
3297,d
3296,r
3295,r
3294,r
3293,r
3292,d
3291,d
3290,d
3289,r
3288,d
3287,r
3286,r
3285,d
3284,d
3283,r
3282,j
3281,d
3280,r
3279,r
3278,r
3277,r
3276,r
3275,r
3274,d
3273,j
3272,d
3271,d
3270,r
3269,d
3267,r
3266,d
3265,d
3264,j
3263,r
3262,r
3261,r
3260,r
3259,d
3258,d
3256,d
3255,d
3254,d
3253,d
3252,r
3251,d
3250,r
3249,r
3248,d
3247,d
3246,r
3245,d
3244,r
3243,d
3242,r
3241,d
3240,r
3239,j
3238,r
3237,r
3236,r
3235,r
3234,d
3233,d
3232,r
3231,r
3230,r
3229,f
3228,d
3227,d
3226,j
3225,d
3224,d
3223,d
3222,d
3221,d
3220,r
3219,j
3218,r
3217,r
3216,d
3215,d
3214,r
3213,r
3212,r
3211,d
3210,d
3209,d
3208,r
3207,d
3206,d
3205,d
3204,d
3203,d
3202,r
3201,d
3200,r
3199,r
3198,d
3197,d
3196,d
3195,r
3194,d
3193,r
3192,r
3191,d
3190,r
3189,d
3188,r
3187,r
3186,d
3185,d
3184,d
3183,d
3182,r
3181,f
3180,r
3179,r
3178,d
3177,r
3176,r
3175,r
3174,d
3173,d
3172,d
3171,d
3170,d
3169,d
3168,d
3167,d
3166,d
3165,d
3164,d
3163,d
3162,j
3161,r
3160,j
3159,d
3158,r
3157,r
3156,r
3155,d
3154,d
3153,r
3152,d
3151,r
3150,d
3149,d
3148,r
3147,r
3146,r
3145,r
3144,d
3143,d
3142,r
3141,d
3140,r
3139,d
3138,r
3137,d
3134,d
3133,d
3132,r
3131,r
3130,d
3129,r
3127,d
3126,r
3125,r
3124,d
3123,r
3122,d
3121,r
3120,r
3119,d
3118,j
3117,d
3116,d
3115,d
3113,r
3112,d
3111,r
3110,d
3109,r
3108,r
3107,d
3106,d
3105,r
3104,r
3103,r
3102,r
3101,r
3100,j
3099,d
3098,d
3097,d
3096,r
3095,d
3094,r
3093,r
3092,d
3091,r
3090,d
3089,d
3088,d
3087,d
3086,r
3085,d
3084,r
3083,d
3082,r
3081,r
3080,r
3079,r
3078,r
3077,r
3076,r
3075,d
3074,d
3073,r
3072,d
3071,r
3070,r
3069,r
3068,r
3067,r
3066,r
3065,d
3064,d
3063,d
3062,r
3061,r
3060,r
3059,w
3058,r
3057,d
3056,r
3055,d
3054,r
3053,d
3052,d
3051,r
3050,r
3049,r
3048,r
3047,r
3046,r
3045,d
3044,d
3043,d
3042,r
3041,r
3040,d
3039,r
3038,d
3037,r
3036,r
3035,d
3034,r
3033,r
3032,r
3031,d
3030,r
3029,r
3028,r
3027,d
3026,d
3025,r
3024,r
3023,d
3022,d
3021,d
3020,r
3019,r
3018,d
3017,d
3016,r
3015,r
3014,r
3013,d
3012,r
3011,r
3010,f
3009,r
3008,r
3007,r
3006,r
3005,d
3004,d
3003,r
3002,d
3001,r
3000,r
2999,d
2998,r
2997,d
2996,r
2995,d
2994,r
2993,r
2992,d
2991,r
2990,d
2989,r
8651,r
8650,r
8649,r
8648,r
8647,r
8646,r
8645,d
8644,d
8643,r
8642,r
8641,r
8640,r
8639,r
8638,r
8637,d
8636,d
8635,r
8634,r
8633,r
8632,r
8631,d
8630,r
8629,r
8628,r
8627,r
7177,r
8626,r
8625,r
8624,r
8623,r
8622,d
8621,r
8620,r
8619,r
8618,r
8617,d
8616,r
8615,r
8614,r
8613,r
8612,r
8611,r
8610,r
8609,r
8608,r
8607,r
8606,r
8605,r
8604,r
8603,r
8602,r
8601,d
8600,r
8599,r
8598,d
8597,r
8596,r
8595,r
8594,r
8593,r
8592,d
8591,r
8590,r
8589,r
8588,r
8587,r
8586,r
8585,r
8584,r
8583,r
8582,r
8581,d
8580,d
8579,r
8578,r
8577,r
8576,r
8575,r
3902,r
8574,d
8573,r
8572,d
8571,r
8570,r
8569,d
8568,r
8567,d
8566,r
8565,r
8564,r
8563,r
8562,r
8561,r
8560,r
8559,r
8558,r
8557,r
8556,r
8555,r
8554,r
8553,r
8552,r
7145,r
8551,r
8550,r
8549,r
8548,r
8547,r
8546,r
8545,r
8544,r
8543,r
8542,r
8541,r
8539,r
8538,r
8537,r
8536,r
8535,r
8534,r
8533,r
8532,d
8531,d
8521,r
5398,d
5390,d
8119,r
8117,d
8116,r
8114,d
8112,r
8094,d
8083,d
8074,r
8063,r
5357,d
5356,r
5352,d
8057,r
8042,d
8039,r
8038,r
5313,d
8036,d
8034,d
8033,r
6698,r
5303,d
5301,r
8022,d
5296,r
5291,r
5289,d
8005,d
8003,d
5281,r
7995,d
5274,d
7990,d
7989,d
7988,r
7986,d
7784,d
7471,d
7417,r
7190,d
7189,d
7188,d
7178,d
7173,d
7167,r
7165,d
4075,d
7151,r
7150,r
7144,d
7138,d
6979,d
6733,r
6731,r
6290,d
6256,r
6254,d
6253,r
6252,r
6251,r
6250,r
6248,d
6247,r
6244,r
6242,r
6240,r
6237,d
6236,r
6235,r
6234,d
6230,r
6229,d
6218,d
6217,r
6215,d
6212,r
6210,r
6208,r
6203,r
6201,r
6200,r
6195,r
6191,d
6187,d
6183,d
6179,r
6178,r
6167,r
6159,r
6154,d
6151,r
6150,r
6149,r
6140,r
6136,r
6131,r
6124,r
6123,r
6122,d
6121,d
6118,r
6117,r
6115,r
6110,d
6104,d
6103,d
6102,r
6101,d
6099,d
6098,d
6097,d
6090,r
6088,d
6081,r
6074,r
6070,r
6068,r
6065,r
6053,r
6044,d
6043,r
6042,d
6041,r
6040,d
6039,d
6038,d
6037,d
6036,d
6035,d
6034,d
6033,r
6031,d
6030,d
6029,r
6028,d
6027,r
6026,d
6025,d
6024,d
6023,d
6022,d
6021,r
6020,d
6019,d
6018,d
6017,r
6016,d
6015,d
6014,d
6013,d
6012,d
6011,r
6010,d
6008,d
6006,r
6005,r
6004,d
6002,r
6001,r
6000,d
5998,d
5996,d
5995,r
5993,r
5991,r
5990,r
5985,r
5981,d
5979,r
5978,d
5977,r
5976,d
5975,d
5973,r
5972,r
5967,d
5966,r
5965,d
5964,r
5962,d
5959,d
5958,r
5957,r
5956,r
5951,d
5942,r
5941,r
5928,d
5917,d
5909,d
5906,r
5903,d
5900,r
5898,r
5897,r
5896,r
5891,r
5890,r
5885,r
5882,d
5881,r
5880,d
5877,d
5876,d
5874,d
5873,d
5872,d
5870,d
5867,d
5864,d
5863,d
5861,d
5858,r
5856,r
5855,r
5854,d
5853,r
5851,d
5850,r
5848,d
5847,d
5846,r
5845,d
5844,d
5843,r
5842,d
5841,d
5840,d
5839,d
5838,d
5837,r
5836,d
5835,d
5834,d
5833,d
5832,d
5831,d
5830,d
5829,d
5828,r
5827,d
5826,r
5825,d
5824,d
5823,r
5822,d
5821,d
5820,d
5819,r
5818,d
5817,d
5816,r
5815,r
5814,r
5813,d
5812,d
5811,r
5810,d
5809,d
5808,r
5807,d
5806,r
5756,d
5805,d
5804,r
5803,d
5802,r
5801,r
5800,d
5799,d
5798,d
5797,r
5796,d
5795,d
5794,d
5793,d
5792,d
5791,d
5790,r
5789,d
5788,r
5787,r
5786,d
5785,d
5784,d
5783,r
5782,r
5781,d
5780,r
5779,d
5778,r
5777,d
5776,r
5775,d
5774,r
5773,d
5772,d
5771,r
5770,r
5769,d
5768,d
5767,d
5766,r
5765,d
5764,d
5763,r
5762,d
5761,d
5760,d
5759,r
5758,d
5757,d
5755,d
5754,d
5753,d
5751,d
5749,d
5748,d
5747,d
5746,d
5745,d
5744,d
5743,r
5741,d
5740,d
5739,d
5736,d
5735,d
5734,d
5731,d
5730,r
5729,d
5728,d
5726,d
5725,d
5722,d
5721,d
5720,d
5719,d
5716,d
5715,d
5714,d
5713,d
5712,d
5710,d
5709,d
5708,r
5707,d
5704,r
5702,r
5697,r
5692,d
5687,r
5682,d
5681,d
5680,d
5673,d
5660,d
5630,d
5624,r
5620,r
5613,r
5612,d
5611,d
5610,d
5605,r
5599,r
5570,d
5567,r
5566,r
5565,r
5564,r
5563,r
5561,r
5558,r
5557,r
5554,r
5550,d
5547,r
5545,d
5544,d
5543,r
5541,r
5538,d
5537,r
5536,d
5535,r
5534,r
5532,r
5527,r
5526,d
5525,r
5524,d
5523,r
5522,r
5520,d
5519,r
5518,d
5515,d
5514,r
5513,d
5493,d
5489,d
5484,d
5478,d
5474,r
5468,r
5462,d
5461,d
5455,r
5454,d
5453,d
5452,r
5450,d
5449,d
5448,d
5447,d
5446,d
5445,d
5443,d
5441,d
5439,d
5438,d
5437,d
5434,d
5432,d
5431,d
5430,d
5428,d
5425,d
5423,d
5421,d
5418,d
5412,d
5411,d
5409,d
5408,d
5407,d
5405,d
5404,d
5403,r
5401,d
5400,r
5399,r
5397,d
5396,r
5395,r
5394,r
5392,d
5391,r
5389,r
5387,d
5386,r
5385,r
5384,r
5383,r
5382,r
5381,r
5380,r
5379,d
5378,r
5377,r
5376,d
5375,r
5374,r
5373,r
5372,r
5371,r
5370,d
5369,r
5368,d
5367,d
5366,d
5365,r
5363,r
5361,r
5360,d
5359,d
5358,d
5355,d
5354,d
5353,d
5351,r
5350,d
5348,d
5344,r
5339,r
5330,r
5323,r
5321,d
5320,d
5319,d
5318,d
5316,d
5311,d
5310,d
5309,d
5308,d
5306,d
5305,r
5304,d
5302,d
5300,r
5299,d
5298,d
5294,r
5293,d
5292,d
5290,d
5287,d
5286,d
5284,d
5283,d
5282,d
5280,d
5279,d
5278,d
5276,d
5275,d
5270,r
5269,d
5266,r
5265,r
5261,r
5257,r
5255,d
5252,r
5249,r
5248,r
5241,d
5234,r
5229,r
5226,r
5218,r
5216,r
5215,r
5214,d
5213,d
5212,r
5207,d
5206,d
5203,d
5199,d
5198,d
5192,d
5191,r
5190,r
5188,r
5183,d
5181,r
5179,d
5177,d
5175,d
5170,d
5168,r
5167,d
5166,d
5164,d
5162,d
5160,d
5159,d
5156,d
5153,d
5152,r
5150,d
5149,d
5148,d
5147,d
5146,d
5141,d
5139,d
5137,d
5136,d
5131,d
5130,r
5129,r
5125,d
5122,d
5121,r
5118,r
5116,r
5114,r
5110,d
5109,r
5108,d
5099,r
5097,d
5092,r
5089,d
5087,r
5084,d
5083,d
5082,r
5077,r
5069,d
5067,r
5066,r
5064,r
5061,r
5059,d
5056,d
5054,r
5053,d
5049,d
5048,d
5045,d
5043,d
5038,r
5035,d
5032,d
5031,d
5030,r
5028,r
5027,r
5025,r
5024,d
5023,d
5022,d
5021,d
5019,d
5012,d
5008,r
5006,d
4998,d
4991,d
4990,d
4989,d
4976,r
4972,r
4965,d
4964,d
4960,r
4959,d
4958,r
4938,r
4936,d
4932,r
4931,r
4927,d
4926,d
4925,d
4915,r
4913,d
4910,d
4906,d
4899,d
4895,d
4886,d
4883,d
4875,d
4862,d
4858,d
4857,d
4846,d
4822,d
4804,r
4803,r
4802,d
4799,r
4797,d
4794,d
4789,d
4788,d
4787,r
4785,r
4783,d
4782,d
4781,r
4780,d
4779,d
4778,d
4777,r
4775,r
4774,d
4773,r
4771,d
4766,r
4764,d
4763,d
4762,d
4760,r
4759,r
4742,r
4741,d
4735,r
4729,d
4728,d
4725,r
4721,r
4703,d
4699,d
4698,d
4693,r
4692,d
4690,d
4689,d
4679,d
4678,d
4676,r
4675,d
4672,r
4669,d
4668,d
4666,d
4662,d
4655,r
4650,d
4649,r
4647,r
4645,r
4644,r
4637,d
4634,r
4631,r
4628,r
4627,d
4624,d
4623,r
4619,d
4615,d
4614,d
4612,r
4611,d
4607,d
4604,d
4603,d
4602,d
4601,r
4600,r
4598,d
4597,d
4596,d
4595,d
4594,d
4593,d
4592,d
4591,d
4587,d
4586,d
4585,d
4584,d
4583,d
4582,r
4581,d
4579,d
4578,d
4577,d
13336,d
13754,d
6451,r
14081,d
13969,d
13958,d
12544,r
14346,d
13470,r
13194,r
13331,r
14374,d
13216,r
12570,r
12971,d
13872,d
6449,r
6447,r
14266,d
12745,d
13535,r
14190,d
13722,r
13725,r
14037,d
12962,d
13727,r
14258,d
13427,r
13917,d
14057,d
12299,r
14282,d
12976,d
6443,d
13098,d
13647,r
6442,r
13885,d
14116,d
14104,d
13542,r
10725,d
12624,r
13571,r
13545,r
13817,d
12690,d
12824,r
6440,r
12650,r
14221,d
12788,d
12927,d
13766,d
12738,d
13841,d
13408,r
13555,r
14320,d
14177,r
14299,d
14172,d
13537,d
13815,d
12260,r
13498,r
13252,r
14035,d
14229,d
13127,d
11673,d
14342,d
13365,d
12764,r
13653,r
13459,r
13967,d
13418,r
13637,r
14115,d
13942,d
13802,d
13220,r
6430,r
13446,r
13737,r
13439,r
12923,d
12802,d
13585,d
13398,r
13341,r
13992,d
13684,d
13636,r
13631,r
14246,d
13904,d
14228,d
14292,d
13829,d
6426,d
13882,d
13792,r
14327,d
6424,r
13139,d
13155,r
13188,d
14389,d
12877,r
12872,d
12224,r
10657,d
13671,r
14316,d
14084,d
13641,r
13934,d
14245,d
6420,d
14079,d
14392,d
13036,d
13933,d
14279,d
14331,d
13397,d
12662,r
13683,d
13310,r
10645,d
14298,d
6418,d
14186,d
13859,d
13381,r
14400,d
14259,d
14210,d
12733,d
13450,r
14034,d
13017,d
13723,r
13686,r
14051,d
13148,d
12577,r
13501,r
12632,r
12983,r
13963,d
14274,d
14148,d
12881,d
11703,d
14108,d
13672,r
10632,r
13533,r
13223,r
6412,d
14097,d
13160,d
12782,d
13508,d
12447,r
14448,r
14451,r
14452,r
14453,r
14454,r
14455,r
14456,r
14457,r
14458,r
14459,r
14460,r
14461,r
14462,r
14463,r
14464,r
14465,r
14466,r
14467,r
14468,r
14469,r
14470,r
14471,r
14009,d
14083,d
13300,r
14284,d
13466,r
12018,r
13566,r
14155,d
14088,d
13622,r
12654,r
6408,r
13130,d
14094,d
13374,r
13129,d
13237,d
14329,d
13675,r
13889,d
12557,r
13368,r
6404,d
14201,d
13861,d
13465,r
13574,r
14068,d
13788,r
14071,d
14205,d
12711,d
13687,r
10594,d
10599,d
13265,d
11940,r
13169,d
13222,r
13269,r
6400,d
13483,r
14297,d
9909,d
12417,r
12651,r
14234,d
13345,r
11354,r
14395,d
13554,r
12754,d
14280,d
12946,r
13716,d
13898,d
14147,d
13978,d
13295,d
12568,r
12646,r
14384,d
12108,r
6395,r
12950,d
14313,d
13112,d
14185,d
13906,d
14105,d
14360,d
14265,d
13821,d
13456,d
14156,d
12988,d
6389,d
14283,d
12474,r
12981,d
13973,d
13907,d
14146,d
6383,r
12724,d
13359,r
14220,d
13525,d
13334,d
14196,d
13482,r
14253,d
14060,d
14187,d
13171,r
12939,d
13635,r
10531,d
14188,d
13540,d
13840,d
13214,r
6379,d
13790,r
12892,d
13495,r
13656,r
13531,d
13514,r
13974,d
14197,d
12914,d
13875,d
14397,d
14291,d
13956,d
14163,d
13387,r
14337,d
12545,r
13395,d
14162,d
13640,r
14114,d
13123,d
14227,d
13837,d
13163,r
14223,d
14160,d
13093,d
13030,d
13464,r
13778,r
13962,d
13617,r
14080,d
13460,r
13983,d
13782,r
14330,d
14264,d
14031,d
13203,r
13853,d
12213,r
10499,d
13335,d
12837,d
13353,d
13616,r
13406,r
13880,d
14073,d
3799,r
13092,d
6367,d
14366,d
13941,r
14198,d
14005,r
12195,d
13025,r
13893,d
13735,r
13873,d
14338,d
13814,d
13584,d
12735,d
14339,d
14180,d
12471,d
13073,d
14332,d
14319,d
6360,r
14241,d
14192,d
14343,d
14233,d
13340,r
12959,d
13779,r
13449,r
14272,d
12945,r
12714,d
13240,r
13838,d
14340,r
13076,d
14306,d
13375,r
14011,r
12831,d
13642,d
14244,r
13159,d
14377,d
13997,d
3796,r
13568,d
13131,d
13661,r
6355,r
12003,r
14166,d
13330,d
14315,d
13892,d
14263,d
13327,d
13181,d
13478,d
13719,d
12853,r
13032,d
6353,r
12470,r
12398,r
14365,d
14043,d
13141,d
13952,r
13602,d
3794,i
14153,d
12970,i
14383,d
13977,r
14328,d
14170,d
14184,d
14199,d
13284,d
14038,d
13385,r
14202,d
13961,d
13708,r
13488,r
13700,r
12904,d
6350,r
6349,d
14344,d
12763,d
13628,d
13908,d
13154,r
13090,d
13960,d
13231,i
13234,r
12849,r
13461,r
13828,d
6343,r
12793,d
12934,d
13328,r
12653,r
14257,d
11631,r
13226,r
14378,d
13583,r
13736,d
13246,r
13431,r
14194,d
12936,d
13925,r
13212,r
13976,d
13173,d
13572,r
13558,r
14357,d
13747,d
12720,d
13745,r
13646,r
13913,d
13467,r
14214,d
13239,r
13481,r
14040,d
13630,r
6337,r
12982,d
13210,r
13259,d
13117,d
13787,r
13266,r
13373,r
13639,d
14288,d
6335,d
12109,r
12597,r
13550,d
14122,d
14362,d
13358,r
13899,d
13299,r
14047,r
14111,d
13469,r
6333,r
14112,r
13236,d
13910,d
13796,r
14312,d
13452,r
13830,d
13303,d
13612,r
13314,d
13947,d
12361,r
13669,d
13634,r
13382,d
14349,d
13793,d
12989,d
13185,d
14296,d
14152,d
14295,d
13824,d
12712,d
12630,r
12499,r
12211,r
14099,d
6331,r
12550,r
14226,d
6330,r
13582,r
12537,r
12397,r
14393,d
6325,r
6324,r
14204,d
13705,r
14058,d
13717,d
13161,d
14391,d
14176,d
13521,d
13774,d
13665,r
13858,d
14379,r
14243,d
13316,d
12614,r
13557,r
14294,d
13750,r
14138,d
13458,r
13433,d
13765,d
13086,r
13835,d
14242,d
7772,d
13018,d
6320,d
13463,r
13445,r
13262,d
6317,r
13996,d
12647,r
14347,d
12604,r
13644,r
13902,d
13497,r
14390,d
12803,d
12818,r
13752,r
12256,r
14082,d
14121,d
13302,r
14171,d
14193,d
13955,d
13581,r
6300,d
9386,d
14437,d
14434,r
14422,r
14421,r
14420,r
14419,r
14418,r
14417,r
14416,r
14415,r
14414,r
14413,r
14412,r
14411,r
14410,r
14409,r
8660,r
8659,r
8658,r
8657,r
8656,r
8655,d
8654,r
8653,d
8652,r
6611,d
13152,r
14334,d
13816,d
13372,r
14325,d
13619,r
14157,d
14386,d
13215,r
13731,r
13444,d
13931,d
12797,d
13929,d
12804,d
13650,r
13928,d
13146,d
14224,d
13886,d
13592,d
13764,r
12814,d
13966,d
13852,d
14024,d
13935,d
13712,r
13674,r
12664,r
13136,d
13916,d
13823,d
13660,r
11775,r
12958,d
14151,d
6602,d
13292,d
14525,r
14064,d
13763,r
14096,d
14524,d
6599,d
13990,d
13088,r
12947,d
13901,d
13827,d
14286,r
14050,d
13254,r
14046,d
13104,r
14209,d
13629,r
12639,r
14056,d
12492,r
14348,d
12652,r
12838,d
13298,d
13451,r
14388,d
14183,d
12700,d
12991,d
6589,d
14522,d
14222,d
14049,d
13103,d
14236,r
12840,d
13954,d
13711,r
13771,r
14030,d
13526,d
12985,d
6585,d
13477,r
14200,d
12953,d
6583,r
12882,d
13668,d
12931,d
14355,d
14074,d
13491,r
13247,r
12889,d
14255,d
12449,r
14387,d
13562,r
13113,d
12906,d
13651,r
14303,d
14065,d
14314,d
13874,d
14238,d
13845,d
13938,d
12744,d
12541,r
13332,r
13153,d
13272,r
13225,d
14521,d
12913,r
12093,r
14363,d
13091,d
13652,r
13937,d
13748,r
13294,r
14256,d
14103,d
12778,d
13848,d
13276,r
14175,d
13575,r
13251,r
12852,d
13896,d
13590,r
12671,r
12781,d
13607,d
14309,d
13283,r
14322,d
14310,d
13690,r
13156,r
13739,r
13338,r
13730,r
13970,d
13982,d
14307,d
12999,d
12315,r
14181,d
13980,d
6566,d
6564,r
13474,r
13663,r
13854,d
13720,d
14149,d
14102,d
14230,d
13649,r
13860,d
13454,r
13900,d
9537,r
12768,r
13903,r
12088,r
12935,d
13409,d
14052,d
14514,d
14512,r
11670,r
13985,d
11107,r
13074,d
14225,d
6562,d
13530,d
14090,d
14273,d
14231,d
14063,d
13101,d
6560,r
13291,r
13884,d
13436,r
13085,r
13233,r
14168,d
12547,r
13221,r
14167,d
13909,d
13984,d
14333,d
12487,r
14237,d
13012,r
13437,r
14127,d
11085,d
14062,d
12649,r
14054,d
6554,r
11760,r
14179,d
13832,d
13972,d
6552,r
14240,d
13927,d
14507,d
14368,d
14262,d
13423,r
14075,d
13208,r
13329,d
14336,d
13360,r
14301,d
12843,r
13883,d
13905,d
6546,r
6545,d
13577,r
14110,d
13293,g
13455,r
13230,r
13166,d
13734,r
13343,r
13746,d
14145,d
13438,r
12198,r
6539,d
13306,d
13219,r
13544,d
13479,r
13242,d
14277,d
13986,d
13820,d
13024,d
13279,r
13847,d
14505,d
13791,r
13851,d
11035,r
13384,r
11984,r
13920,d
13500,d
14323,d
12717,d
14067,d
12732,d
12885,d
12884,r
12942,d
6531,d
13260,r
13713,r
13095,d
13781,r
13697,d
13770,r
12919,d
6528,r
13362,r
13182,d
13151,r
13919,d
13020,d
13192,d
13003,d
6527,d
13286,r
12659,r
12969,d
13503,r
13588,r
13238,r
14174,d
14055,d
13274,r
13351,r
13009,d
11491,r
13676,r
13209,d
14164,d
13078,d
13168,r
14268,d
14124,d
14211,d
14213,d
12439,r
14007,r
6518,r
14504,d
12289,r
10989,r
13285,r
14354,d
12845,d
13918,d
12964,d
13551,d
13513,d
13561,r
14248,d
13794,r
13429,r
13633,r
13953,r
14252,d
6512,r
13502,r
13926,d
12403,r
14053,d
14093,d
13320,d
13965,d
13165,r
14106,d
12338,r
13834,d
13232,r
11848,r
13749,r
13217,r
13075,d
6510,r
14350,d
6508,r
13100,d
14059,d
13158,d
12922,d
12426,r
12435,r
13196,d
14078,d
14091,d
14048,d
14109,d
13627,r
13818,d
13751,r
14317,d
13856,d
13281,r
13738,r
14289,d
14254,d
14270,d
12504,r
6505,r
14353,d
13278,d
10894,d
14287,d
13755,r
13268,r
13249,d
13623,r
13988,d
13400,r
13762,d
14066,d
13468,r
14251,d
6500,d
11992,r
12305,r
13822,d
13394,r
14173,d
13718,d
13376,r
6496,r
13541,d
13378,r
13769,r
13777,r
13197,d
13366,r
13696,d
13280,r
12133,r
13573,r
13826,d
14239,d
12606,r
13099,d
13911,d
12281,r
14203,d
6491,r
13565,d
13472,r
12264,r
10918,d
14092,d
14326,d
13407,r
13659,d
13419,r
11645,r
13776,r
10912,d
13499,r
14208,d
12645,r
10910,d
14281,d
13890,d
13227,r
13256,r
14311,d
13543,r
6487,d
13964,d
14300,d
13506,r
12968,d
13556,r
12870,d
13701,r
13485,r
12835,d
14380,r
12825,d
14271,d
12841,d
13560,r
13831,d
14101,d
13768,r
11851,r
12641,r
14100,d
14401,d
13946,d
3823,d
14247,d
13979,d
13145,d
14356,d
14276,d
13067,d
14036,d
12980,d
13989,d
13421,r
14126,d
11808,r
13666,d
6482,r
12821,r
13011,r
12949,d
14085,d
13157,d
12817,r
14113,d
13742,r
13006,d
13492,d
14260,d
13258,r
14069,d
14318,d
14358,d
13457,r
13363,r
12951,d
13998,d
11709,r
13936,d
13390,d
13019,d
13120,d
13462,r
13950,d
12832,d
13691,r
13587,r
13714,r
13688,r
12407,r
13578,r
13014,r
13922,d
13761,r
14028,d
13789,r
12842,r
14089,d
13257,d
12675,r
13658,r
14154,d
13648,d
13243,r
10804,d
13180,d
14250,d
14095,d
13002,d
14107,d
13339,r
12929,d
12786,d
6468,d
13915,d
14267,d
12667,r
14385,d
13945,d
14117,d
14367,d
13741,d
13586,r
12816,r
12977,d
13033,d
11826,r
12807,d
13386,d
13096,d
13347,r
12723,d
13149,d
14321,d
8208,r
13121,d
14076,d
13843,d
14304,r
13559,r
13850,d
13944,d
14308,d
13480,d
13082,d
12891,r
13029,d
12635,r
13679,r
13728,r
12915,d
12801,d
12136,r
13357,r
13004,d
13943,d
14041,d
14195,d
13939,d
14352,d
13891,d
14396,d
13987,d
12812,r
6459,r
12928,d
13564,r
12672,r
13638,d
12888,d
6458,r
13523,r
12703,d
13442,d
13600,r
13051,r
6456,r
13715,d
14098,d
13354,d
14394,d
12996,d
13786,r
13842,d
13317,d
13084,d
13758,r
6452,d
14165,d
14206,d
15420,d
15409,r
15408,r
15306,r
15086,r
15399,r
15400,r
15395,r
15393,r
15392,r
15388,r
15387,r
15384,r
7240,r
8115,r
15376,r
9110,d
15373,r
15366,r
15361,r
15357,r
15355,r
15352,r
15351,r
15346,r
15343,d
15339,r
15333,r
15331,r
15330,r
15327,r
15323,r
15320,r
15318,r
15315,d
15314,r
15300,d
15299,d
15298,r
15297,d
15296,r
15294,d
15295,r
15279,d
15278,d
15277,r
15276,r
15275,d
15274,i
15273,r
15272,d
15271,r
15270,d
15269,d
15268,d
15267,d
15266,d
15265,d
15264,d
15263,d
15262,d
15261,d
15260,r
15259,r
15258,d
15257,r
15256,r
15255,r
15254,r
15253,d
15252,d
15251,d
15250,d
15248,d
15247,d
15245,r
15234,d
15233,d
15232,d
15231,d
15230,d
15229,d
15227,d
15226,d
15225,d
15224,r
15223,d
15222,d
15221,r
15220,r
15219,i
15218,d
15217,d
15216,d
15215,d
15214,d
15213,r
15212,r
15211,r
15210,d
15209,r
15208,d
15207,d
15206,d
15205,d
15204,d
15203,d
15201,d
15200,r
15199,r
15198,r
15197,r
15196,d
15195,d
15194,d
15193,r
15192,d
15191,d
15190,d
15189,d
15188,d
15187,d
15186,d
15185,d
15184,d
15183,r
15182,r
15181,d
15180,d
15179,d
15178,r
15176,d
15174,d
14555,d
14557,r
15172,r
15171,d
15169,d
15167,d
15166,d
15162,d
15161,r
15160,d
15158,d
15157,d
15156,d
15155,d
15151,d
15150,d
15149,d
15148,d
15147,d
15146,r
15145,d
15143,r
15141,i
15140,d
15139,r
15138,d
15136,d
15135,d
15134,d
15133,z
15131,d
15130,d
15129,d
15127,d
15126,d
15125,d
15124,r
15122,d
15121,d
15120,d
15118,d
15115,d
15114,d
15113,d
15109,r
15108,d
15107,r
15106,r
15105,d
15104,r
15103,d
15102,r
15099,d
15098,d
15096,d
15092,r
15091,r
15088,r
15087,d
15085,d
15084,d
15079,d
15077,d
15076,d
15075,d
15074,d
15073,d
15072,d
15071,d
15070,d
15069,d
15068,d
15067,r
15066,d
15065,d
15064,d
15063,d
15062,r
15060,d
15058,d
15055,r
15054,d
15053,r
15052,d
15051,d
15050,d
15048,r
15047,r
15046,d
15045,d
15044,d
15043,d
15042,r
15040,d
15035,d
15033,r
15031,r
15030,r
15029,d
15028,d
15027,d
15026,d
15025,r
15023,r
15020,d
15019,d
15018,d
15017,d
15016,r
15015,r
15014,d
15012,d
15011,d
15009,r
15008,d
15007,d
15006,d
15004,d
15003,d
15002,d
14997,d
14996,d
14995,d
14994,d
14993,d
14992,d
14991,d
14988,d
14987,d
14986,d
14985,r
14981,r
14980,d
14979,d
14978,d
14977,d
14976,d
14974,r
14973,r
14971,r
14970,d
14968,d
14967,r
14966,r
14965,d
14963,d
14962,d
14961,d
14960,r
14959,d
14957,r
14954,d
14951,d
14949,d
14948,r
14947,d
14946,d
14944,d
14943,r
14942,d
14941,d
14940,r
14938,d
14937,r
14936,d
14935,d
14934,d
14931,r
14928,r
14926,d
14925,d
14920,d
14919,r
14918,d
14917,r
14916,r
14914,d
14912,d
14911,r
14909,r
14907,d
14905,r
14904,d
14903,r
14902,r
14900,d
14897,d
14896,d
14895,r
14894,d
14893,d
14891,d
14890,d
14889,r
14887,d
14885,r
14884,r
14883,d
14882,g
14880,d
14878,d
14876,d
14875,d
14874,r
14873,d
14872,r
14870,d
14869,d
14868,d
14867,d
14865,d
14863,d
14862,d
14861,d
14859,d
14856,r
14855,r
14854,d
14853,d
14851,d
14850,d
14849,d
14848,r
14847,d
14846,d
14845,d
14843,d
14841,d
14840,d
14839,d
14838,r
14836,d
14835,d
14833,d
14832,d
14831,d
14829,r
14828,r
14826,r
14825,d
14824,d
14823,d
14822,d
14821,d
14820,d
14819,d
14817,r
14815,d
14814,d
14813,d
14812,r
14809,d
14808,d
14806,d
14805,d
14804,d
14803,d
14802,r
14801,d
14798,d
14797,r
14795,d
14794,d
14792,r
14790,r
14789,r
14788,d
14787,r
14786,d
14784,d
14783,d
14782,d
14781,d
14780,d
14779,d
14778,d
14777,d
14776,d
14775,r
14773,d
14772,r
14770,d
14768,d
14766,d
14765,d
14764,d
14763,d
14762,d
14761,d
14760,d
14759,d
14758,d
14757,d
14755,r
14754,d
14752,d
14751,d
14750,d
14749,d
14748,d
14747,d
14745,d
14744,r
14742,r
14741,r
14738,r
14737,d
14736,d
14732,r
14731,r
14730,d
14729,d
14727,d
14726,d
14723,d
14722,d
14721,r
14720,r
14718,r
14717,d
14716,r
14714,r
14713,r
14712,d
14711,d
14710,d
14709,d
14708,d
14706,r
14704,i
14702,d
14701,d
14699,d
14697,d
14696,d
14694,d
14693,d
14692,r
14691,i
14690,d
14689,d
14687,d
14686,d
14684,d
14683,r
14682,i
14681,d
14678,d
14676,d
14674,r
14673,d
14672,r
14671,r
14670,d
14669,d
14667,d
14666,r
14662,d
14661,d
14659,d
14658,d
14653,d
14651,d
14650,r
14648,d
14647,d
14646,d
14644,d
14641,d
14639,d
14634,r
14633,d
14632,d
14630,r
14628,r
14627,r
14622,d
14617,d
14616,d
14613,d
14612,r
14605,r
14603,d
14601,r
14599,r
14598,d
14594,d
14592,d
14589,d
14587,i
14586,d
14585,d
14584,r
14578,i
14577,d
14572,d
14571,d
14569,r
14567,d
14566,r
14565,d
14563,r
14561,r
14560,r
14558,r
14556,d
14554,d
14548,d
14547,d
14536,d
14542,d
14541,r
6472,d
14249,d
14061,d
13760,d
13264,d
14290,d
13432,r
14533,r
7230,r
10300,r
14039,r
14269,d
14042,d
13912,d
13115,d
13975,d
13405,r
13812,r
14351,d
13620,r
14278,d
13594,r
12917,d
14123,d
13097,d
6648,r
14370,d
14402,d
13615,d
13344,r
6646,r
13496,r
12811,d
14182,d
13894,d
13625,d
13440,d
13957,d
13520,r
13297,d
14404,d
14207,d
13447,d
12806,d
13991,d
13517,r
14217,d
13393,d
13981,d
13538,r
12795,d
14361,d
13201,d
13102,d
12094,r
13361,r
14261,d
12943,d
12986,d
13846,d
14189,d
13995,d
13819,d
13855,d
14232,d
12941,d
3862,r
14403,d
12907,r
14399,d
14216,d
14120,d
12990,d
13657,r
12796,d
12063,r
12874,d
14087,d
13539,d
11621,r
13921,d
14398,d
11918,r
13062,r
13709,d
13248,r
12637,r
12857,d
13844,d
13570,d
13263,r
14275,d
13949,d
13563,r
12669,d
14191,d
13994,d
13356,r
14369,d
14044,d
13428,r
13519,r
13031,d
13733,r
13993,d
12820,d
12339,r
14218,d
13732,r
12894,d
14305,d
13593,d
14285,d
13932,d
13441,d
14335,d
14150,d
14359,d
14070,d
13645,r
12643,r
14178,d
11790,r
13940,d
13930,d
14077,d
12868,d
13270,r
13094,d
14086,d
13015,d
11914,r
13772,r
14032,d
13677,r
12833,r
13527,d
12879,d
13553,r
16207,d
16204,r
16202,d
16201,r
16200,d
16199,r
16198,r
16197,r
8392,r
16195,d
16193,r
16192,r
16191,r
16190,r
16188,r
8391,r
16186,r
16185,r
16184,r
16182,r
16181,r
16180,r
16179,d
16176,d
16175,r
16174,r
16173,d
16172,d
16170,r
16169,r
16168,r
16166,r
16165,r
16163,d
16162,r
16160,d
16159,d
16158,r
16157,d
16156,d
16155,d
16153,d
16151,r
16149,r
16148,r
16146,r
16143,d
16141,r
16140,r
16139,r
16138,d
16136,d
16135,d
16134,d
16130,r
16127,r
16125,d
16123,r
16122,r
16121,d
16120,d
16119,d
16118,r
16116,r
16115,r
16113,d
15935,d
16110,d
16109,r
16108,r
16106,r
16105,r
16104,d
16100,r
15967,d
16097,r
16096,d
16095,r
16094,r
16092,r
16091,r
16088,r
16087,r
16085,d
16084,r
16083,d
16081,d
16080,d
16079,d
16077,r
16075,r
16074,r
16072,d
16070,d
16069,r
16067,r
16066,d
16065,r
16064,r
16063,d
16061,r
16059,d
16058,r
16057,r
16054,d
16053,d
16049,d
16048,r
16047,d
16045,r
16042,r
16041,r
16040,d
16038,r
16037,r
16036,r
16035,d
16034,d
16033,d
16032,r
16031,d
16029,d
16028,d
16027,d
16026,r
16023,r
16022,r
16021,d
16020,r
16019,r
16018,d
16017,d
16016,r
16014,d
8377,d
16013,d
16011,r
16010,r
16008,r
16007,r
16006,r
16005,r
16003,d
16001,d
16000,d
15996,r
15995,r
15994,d
15993,r
15992,d
15991,d
15990,d
15988,d
15986,d
15985,d
15984,d
15983,r
15982,r
8373,r
15980,r
8372,r
15978,d
15977,d
15976,r
15974,d
15973,d
15972,r
15971,r
15969,d
15968,d
15966,d
15964,r
15963,d
15961,r
15960,r
15959,r
15957,d
15956,d
15955,d
15951,d
15950,d
15949,d
15947,r
15944,d
15943,r
15942,d
15941,r
15936,d
15932,d
15929,d
15927,r
15926,d
15925,r
15924,d
15922,r
15920,r
15919,d
15917,r
15914,r
15913,r
15911,r
15910,d
15909,r
15908,d
15907,d
8366,r
15763,r
15905,r
15903,d
15902,r
15900,d
8364,r
15898,r
15897,r
15895,d
15893,r
15892,d
15891,r
15890,d
15889,r
15886,d
15884,d
15883,r
15877,d
15876,r
15874,r
15873,d
15871,r
15870,d
15868,r
15867,r
15866,d
15865,r
15863,d
15861,r
15860,d
15859,r
15856,r
15855,r
15852,r
15851,d
15849,r
15848,r
15847,r
15846,r
15844,r
15842,r
15840,d
15839,d
15838,r
15835,d
15833,r
15832,d
15831,d
15830,r
15829,d
15632,d
15827,r
15825,d
15823,d
15821,r
15819,d
15817,d
15816,d
15812,d
15811,d
8357,d
15809,d
15808,d
15807,d
15806,r
15801,r
15798,r
15794,d
15793,r
15791,d
15790,r
15789,r
15787,d
8351,r
15784,r
15783,r
15781,r
15780,r
15779,d
15777,r
15776,r
15774,r
15772,r
15771,r
15770,d
15769,r
15767,d
15766,d
15760,d
15757,d
15756,d
15755,d
15754,d
15752,d
15750,r
15749,d
15748,d
15746,r
15526,r
15742,d
15740,d
15739,d
15738,r
15736,r
15735,d
15732,d
15731,r
15729,d
15728,r
15726,r
15724,r
15723,d
15722,r
15721,d
15720,r
15718,r
15717,d
15716,r
15714,r
15713,d
15711,r
15709,r
15708,d
15707,r
15704,d
15703,d
15702,r
15701,r
15699,r
15698,d
15697,d
15696,d
15695,d
15693,d
15691,r
15690,r
15688,r
15686,r
15685,d
15684,r
15683,d
15682,d
15680,d
15679,d
15676,d
15675,d
15673,r
15672,r
15671,r
15670,r
15668,d
15667,d
15666,r
15664,d
15663,r
15662,d
15659,r
15658,d
15657,r
15656,d
15655,d
15653,r
15652,r
15651,d
15649,d
15648,r
15647,r
15645,r
15644,d
15642,r
15639,d
15638,r
15636,r
15635,r
15633,d
8320,r
15631,r
15630,d
15627,r
15625,r
15624,d
15622,r
15620,d
15619,r
15617,r
15616,r
15614,d
15613,r
15611,r
15610,r
15609,r
15608,d
15607,r
15605,d
15603,d
15601,r
15599,d
15595,r
15591,r
15586,r
15585,d
15584,r
15581,d
15580,d
15579,r
15577,r
15572,r
15571,d
15493,d
15568,d
15567,d
15565,d
15563,r
15562,r
15561,r
15560,r
15559,d
15556,r
15555,d
15554,r
15553,d
15552,r
15550,d
15548,r
15547,r
15546,r
15545,r
15544,r
15542,r
15540,r
15538,r
15537,r
15536,d
15534,d
15532,d
15531,r
15530,r
15529,r
15527,r
15522,r
15521,r
15519,r
15513,r
15512,r
15511,r
15510,d
15509,r
15508,r
15506,r
15477,d
15505,r
15504,d
15501,r
15499,r
15492,r
15491,r
15488,r
15487,r
15485,r
15483,d
15482,d
15478,r
15475,r
15474,r
15472,r
15471,d
15470,d
15469,r
15467,d
15466,d
15465,r
15464,r
15463,d
15462,d
15460,r
15459,r
15458,r
8340,r
15457,d
15456,d
15455,d
15453,d
15452,r
8329,r
15451,d
15450,r
15449,d
15447,d
15446,r
15444,r
15443,d
8328,d
8316,r
8314,d
15440,d
15419,d
15439,d
15438,d
15437,d
15434,r
8342,r
8305,r
8304,d
15432,r
15430,d
15429,r
15428,d
15426,r
15418,r
15425,r
15413,r
15412,r
